<?xml version="1.0" encoding="UTF-8" ?>
<!-- This is a WordPress eXtended RSS file generated by WordPress as an export of your site. -->
<!-- It contains information about your site's posts, pages, comments, categories, and other content. -->
<!-- You may use this file to transfer that content from one site to another. -->
<!-- This file is not intended to serve as a complete backup of your site. -->

<!-- To import this information into a WordPress site follow these steps: -->
<!-- 1. Log in to that site as an administrator. -->
<!-- 2. Go to Tools: Import in the WordPress admin panel. -->
<!-- 3. Install the "WordPress" importer from the list. -->
<!-- 4. Activate & Run Importer. -->
<!-- 5. Upload this file using the form provided on that page. -->
<!-- 6. You will first be asked to map the authors in this export file to users -->
<!--    on the site. For each author, you may choose to map to an -->
<!--    existing user on the site or to create a new user. -->
<!-- 7. WordPress will then import each of the posts, pages, comments, categories, etc. -->
<!--    contained in this file into your site. -->

<!-- generator="WordPress.com" created="2020-06-05 06:41"-->
<rss version="2.0"
	xmlns:excerpt="http://wordpress.org/export/1.2/excerpt/"
	xmlns:content="http://purl.org/rss/1.0/modules/content/"
	xmlns:wfw="http://wellformedweb.org/CommentAPI/"
	xmlns:dc="http://purl.org/dc/elements/1.1/"
	xmlns:wp="http://wordpress.org/export/1.2/"
>

<channel>
	<title>اسم الموقع</title>
	<link>http://princessfahda12.business.blog</link>
	<description></description>
	<pubDate>Fri, 05 Jun 2020 06:41:03 +0000</pubDate>
	<language></language>
	<wp:wxr_version>1.2</wp:wxr_version>
	<wp:base_site_url>http://wordpress.com/</wp:base_site_url>
	<wp:base_blog_url>http://princessfahda12.business.blog</wp:base_blog_url>

	<wp:author><wp:author_id>187482071</wp:author_id><wp:author_login><![CDATA[minaaz1hany]]></wp:author_login><wp:author_email><![CDATA[minaaz1hany@gmail.com]]></wp:author_email><wp:author_display_name><![CDATA[Mina Hany]]></wp:author_display_name><wp:author_first_name><![CDATA[Mina]]></wp:author_first_name><wp:author_last_name><![CDATA[Hany]]></wp:author_last_name></wp:author>

	<wp:category><wp:term_id>149726</wp:term_id><wp:category_nicename>%d8%ba%d9%8a%d8%b1-%d9%85%d8%b5%d9%86%d9%81</wp:category_nicename><wp:category_parent></wp:category_parent><wp:cat_name><![CDATA[غير مصنف]]></wp:cat_name>
</wp:category>
	<wp:term><wp:term_id>1727430</wp:term_id><wp:term_taxonomy>nav_menu</wp:term_taxonomy><wp:term_slug><![CDATA[primary]]></wp:term_slug><wp:term_name><![CDATA[Primary]]></wp:term_name>
</wp:term>
	<wp:term><wp:term_id>1727431</wp:term_id><wp:term_taxonomy>nav_menu</wp:term_taxonomy><wp:term_slug><![CDATA[social]]></wp:term_slug><wp:term_name><![CDATA[Social]]></wp:term_name>
</wp:term>

	<generator>http://wordpress.com/</generator>
<image>
		<url>http://s0.wp.com/i/buttonw-com.png</url>
		<title>اسم الموقع</title>
		<link>http://princessfahda12.business.blog</link>
	</image>
		
	<item>
		<title>الصفحة الرئيسية</title>
		<link>http://princessfahda12.business.blog/</link>
		<pubDate>Fri, 05 Jun 2020 06:22:25 +0000</pubDate>
		<dc:creator>minaaz1hany</dc:creator>
		<guid isPermaLink="false">https://princessfahda12business.wordpress.com/?page_id=2</guid>
		<description></description>
		<content:encoded><![CDATA[<!-- wp:cover {"url":"https:\/\/princessfahda12business.files.wordpress.com\/2020\/06\/qi-bin-w4hbafegiac-unsplash.jpg","id":26,"dimRatio":10,"align":"full"} -->
<div class="wp-block-cover alignfull has-background-dim-10 has-background-dim" style="background-image:url('https://princessfahda12business.files.wordpress.com/2020/06/qi-bin-w4hbafegiac-unsplash.jpg');"><div class="wp-block-cover__inner-container"><!-- wp:jetpack/layout-grid {"column1DesktopSpan":8,"column1DesktopOffset":2,"column1TabletSpan":8,"column1MobileSpan":4,"column2DesktopOffset":4,"className":"column1-desktop-grid__span-8 column1-desktop-grid__start-3 column1-desktop-grid__row-1 column1-tablet-grid__span-8 column1-tablet-grid__row-1 column1-mobile-grid__span-4 column1-mobile-grid__row-1"} -->
<div class="wp-block-jetpack-layout-grid alignfull column1-desktop-grid__span-8 column1-desktop-grid__start-3 column1-desktop-grid__row-1 column1-tablet-grid__span-8 column1-tablet-grid__row-1 column1-mobile-grid__span-4 column1-mobile-grid__row-1"><!-- wp:jetpack/layout-grid-column -->
<div class="wp-block-jetpack-layout-grid-column wp-block-jetpack-layout-grid__padding-none"><!-- wp:heading {"align":"center","level":1} -->
<h1 class="has-text-align-center">مرحبًا بك في موقعك الجديد.</h1>
<!-- /wp:heading -->

<!-- wp:paragraph {"align":"center"} -->
<p class="has-text-align-center">مرحبًا بك في موقعك الجديد! يمكنك تحرير هذه الصفحة عن طريق النقر فوق رابط "تحرير". لمزيد من المعلومات حول تخصيص موقعك، تحقق من <a href="https://href.li/?http://learn.wordpress.com/">http://learn.wordpress.com/</a></p>
<!-- /wp:paragraph -->

<!-- wp:buttons {"align":"center"} -->
<div class="wp-block-buttons aligncenter"><!-- wp:button -->
<div class="wp-block-button"><a class="wp-block-button__link" href="http://learn.wordpress.com" title="learn.wordpress.com">تعرَّف على المزيد</a></div>
<!-- /wp:button --></div>
<!-- /wp:buttons --></div>
<!-- /wp:jetpack/layout-grid-column --></div>
<!-- /wp:jetpack/layout-grid --></div></div>
<!-- /wp:cover -->

<!-- wp:group {"backgroundColor":"background","align":"full"} -->
<div class="wp-block-group alignfull has-background-background-color has-background"><div class="wp-block-group__inner-container"><!-- wp:jetpack/layout-grid {"column1DesktopSpan":12,"column1TabletSpan":8,"column1MobileSpan":4,"column2DesktopOffset":3,"className":"column1-desktop-grid__span-12 column1-desktop-grid__row-1 column1-tablet-grid__span-8 column1-tablet-grid__row-1 column1-mobile-grid__span-4 column1-mobile-grid__row-1"} -->
<div class="wp-block-jetpack-layout-grid alignfull column1-desktop-grid__span-12 column1-desktop-grid__row-1 column1-tablet-grid__span-8 column1-tablet-grid__row-1 column1-mobile-grid__span-4 column1-mobile-grid__row-1"><!-- wp:jetpack/layout-grid-column -->
<div class="wp-block-jetpack-layout-grid-column wp-block-jetpack-layout-grid__padding-none"><!-- wp:heading {"level":4} -->
<h4>أحدث المقالات</h4>
<!-- /wp:heading -->

<!-- wp:a8c/blog-posts {"imageShape":"uncropped","showAuthor":false,"showAvatar":false,"postLayout":"grid","typeScale":3} /--></div>
<!-- /wp:jetpack/layout-grid-column --></div>
<!-- /wp:jetpack/layout-grid --></div></div>
<!-- /wp:group -->

<!-- wp:group {"backgroundColor":"foreground-dark","align":"full"} -->
<div class="wp-block-group alignfull has-foreground-dark-background-color has-background"><div class="wp-block-group__inner-container"><!-- wp:jetpack/layout-grid {"column1DesktopSpan":3,"column1DesktopOffset":2,"column1TabletSpan":4,"column1MobileSpan":4,"column2DesktopSpan":5,"column2TabletSpan":4,"column2MobileSpan":4,"column3DesktopOffset":3,"className":"column1-desktop-grid__span-3 column1-desktop-grid__start-3 column1-desktop-grid__row-1 column2-desktop-grid__span-5 column2-desktop-grid__start-6 column2-desktop-grid__row-1 column1-tablet-grid__span-4 column1-tablet-grid__row-1 column2-tablet-grid__span-4 column2-tablet-grid__start-5 column2-tablet-grid__row-1 column1-mobile-grid__span-4 column1-mobile-grid__row-1 column2-mobile-grid__span-4 column2-mobile-grid__row-2"} -->
<div class="wp-block-jetpack-layout-grid alignfull column1-desktop-grid__span-3 column1-desktop-grid__start-3 column1-desktop-grid__row-1 column2-desktop-grid__span-5 column2-desktop-grid__start-6 column2-desktop-grid__row-1 column1-tablet-grid__span-4 column1-tablet-grid__row-1 column2-tablet-grid__span-4 column2-tablet-grid__start-5 column2-tablet-grid__row-1 column1-mobile-grid__span-4 column1-mobile-grid__row-1 column2-mobile-grid__span-4 column2-mobile-grid__row-2"><!-- wp:jetpack/layout-grid-column -->
<div class="wp-block-jetpack-layout-grid-column wp-block-jetpack-layout-grid__padding-none"><!-- wp:paragraph {"align":"left","fontSize":"huge"} -->
<p class="has-text-align-left has-huge-font-size">Get new content delivered directly to your inbox.</p>
<!-- /wp:paragraph --></div>
<!-- /wp:jetpack/layout-grid-column -->

<!-- wp:jetpack/layout-grid-column -->
<div class="wp-block-jetpack-layout-grid-column wp-block-jetpack-layout-grid__padding-none"><!-- wp:jetpack/subscriptions -->
<div class="wp-block-jetpack-subscriptions">[jetpack_subscription_form show_only_email_and_button="true" custom_background_button_color="undefined" custom_text_button_color="undefined" submit_button_text="اشترك" submit_button_classes="undefined" show_subscribers_total="false" ]</div>
<!-- /wp:jetpack/subscriptions --></div>
<!-- /wp:jetpack/layout-grid-column --></div>
<!-- /wp:jetpack/layout-grid --></div></div>
<!-- /wp:group -->]]></content:encoded>
		<excerpt:encoded><![CDATA[]]></excerpt:encoded>
		<wp:post_id>2</wp:post_id>
		<wp:post_date>2020-06-05 09:22:25</wp:post_date>
		<wp:post_date_gmt>2020-06-05 06:22:25</wp:post_date_gmt>
		<wp:comment_status>closed</wp:comment_status>
		<wp:ping_status>closed</wp:ping_status>
		<wp:post_name>blog</wp:post_name>
		<wp:status>publish</wp:status>
		<wp:post_parent>0</wp:post_parent>
		<wp:menu_order>1</wp:menu_order>
		<wp:post_type>page</wp:post_type>
		<wp:post_password></wp:post_password>
		<wp:is_sticky>0</wp:is_sticky>
		<wp:postmeta>
			<wp:meta_key>_headstart_post</wp:meta_key>
			<wp:meta_value><![CDATA[_hs_front_page]]></wp:meta_value>
		</wp:postmeta>
		<wp:postmeta>
			<wp:meta_key>sharing_disabled</wp:meta_key>
			<wp:meta_value><![CDATA[a:1:{i:0;N;}]]></wp:meta_value>
		</wp:postmeta>
		<wp:postmeta>
			<wp:meta_key>switch_like_status</wp:meta_key>
			<wp:meta_value><![CDATA[a:1:{i:0;N;}]]></wp:meta_value>
		</wp:postmeta>
		<wp:postmeta>
			<wp:meta_key>_starter_page_template</wp:meta_key>
			<wp:meta_value><![CDATA[]]></wp:meta_value>
		</wp:postmeta>
		<wp:postmeta>
			<wp:meta_key>_wpas_skip_all_services</wp:meta_key>
			<wp:meta_value><![CDATA[1]]></wp:meta_value>
		</wp:postmeta>
		<wp:postmeta>
			<wp:meta_key>_publicize_pending</wp:meta_key>
			<wp:meta_value><![CDATA[1]]></wp:meta_value>
		</wp:postmeta>
		<wp:postmeta>
			<wp:meta_key>_checklist_post_type</wp:meta_key>
			<wp:meta_value><![CDATA[_hs_front_page]]></wp:meta_value>
		</wp:postmeta>
	</item>
	<item>
		<title>المدوّنة</title>
		<link>http://princessfahda12.business.blog/blog-2/</link>
		<pubDate>Fri, 05 Jun 2020 06:22:24 +0000</pubDate>
		<dc:creator>minaaz1hany</dc:creator>
		<guid isPermaLink="false">https://princessfahda12business.wordpress.com/?page_id=3</guid>
		<description></description>
		<content:encoded><![CDATA[<!-- wp:cover {"url":"https:\/\/princessfahda12business.files.wordpress.com\/2020\/06\/qi-bin-w4hbafegiac-unsplash.jpg","id":26,"dimRatio":10,"align":"full"} -->
<div class="wp-block-cover alignfull has-background-dim-10 has-background-dim" style="background-image:url('https://princessfahda12business.files.wordpress.com/2020/06/qi-bin-w4hbafegiac-unsplash.jpg');"><div class="wp-block-cover__inner-container"></div></div>
<!-- /wp:cover -->

<!-- wp:spacer {"height":64,"className":"desktop-only"} -->
<div style="height:64px;" aria-hidden="true" class="wp-block-spacer desktop-only"></div>
<!-- /wp:spacer -->

<!-- wp:a8c/blog-posts {"moreButton":true,"showAvatar":false,"postsToShow":10} /-->

<!-- wp:separator {"className":"is-style-wide"} -->
<hr class="wp-block-separator is-style-wide" />
<!-- /wp:separator -->

<!-- wp:heading {"align":"left","level":3} -->
<h3 class="has-text-align-left">Follow My Blog</h3>
<!-- /wp:heading -->

<!-- wp:paragraph {"align":"left"} -->
<p class="has-text-align-left">Get new content delivered directly to your inbox.</p>
<!-- /wp:paragraph -->

<!-- wp:jetpack/subscriptions -->
<div class="wp-block-jetpack-subscriptions">[jetpack_subscription_form show_only_email_and_button="true" custom_background_button_color="undefined" custom_text_button_color="undefined" submit_button_text="اشترك" submit_button_classes="undefined" show_subscribers_total="false" ]</div>
<!-- /wp:jetpack/subscriptions -->]]></content:encoded>
		<excerpt:encoded><![CDATA[]]></excerpt:encoded>
		<wp:post_id>3</wp:post_id>
		<wp:post_date>2020-06-05 09:22:24</wp:post_date>
		<wp:post_date_gmt>2020-06-05 06:22:24</wp:post_date_gmt>
		<wp:comment_status>closed</wp:comment_status>
		<wp:ping_status>closed</wp:ping_status>
		<wp:post_name>blog-2</wp:post_name>
		<wp:status>publish</wp:status>
		<wp:post_parent>0</wp:post_parent>
		<wp:menu_order>0</wp:menu_order>
		<wp:post_type>page</wp:post_type>
		<wp:post_password></wp:post_password>
		<wp:is_sticky>0</wp:is_sticky>
		<wp:postmeta>
			<wp:meta_key>_headstart_post</wp:meta_key>
			<wp:meta_value><![CDATA[_hs_extra]]></wp:meta_value>
		</wp:postmeta>
		<wp:postmeta>
			<wp:meta_key>sharing_disabled</wp:meta_key>
			<wp:meta_value><![CDATA[a:1:{i:0;N;}]]></wp:meta_value>
		</wp:postmeta>
		<wp:postmeta>
			<wp:meta_key>switch_like_status</wp:meta_key>
			<wp:meta_value><![CDATA[a:1:{i:0;N;}]]></wp:meta_value>
		</wp:postmeta>
		<wp:postmeta>
			<wp:meta_key>_starter_page_template</wp:meta_key>
			<wp:meta_value><![CDATA[blog]]></wp:meta_value>
		</wp:postmeta>
		<wp:postmeta>
			<wp:meta_key>_wpas_skip_all_services</wp:meta_key>
			<wp:meta_value><![CDATA[1]]></wp:meta_value>
		</wp:postmeta>
		<wp:postmeta>
			<wp:meta_key>_publicize_pending</wp:meta_key>
			<wp:meta_value><![CDATA[1]]></wp:meta_value>
		</wp:postmeta>
		<wp:postmeta>
			<wp:meta_key>_checklist_post_type</wp:meta_key>
			<wp:meta_value><![CDATA[_hs_extra]]></wp:meta_value>
		</wp:postmeta>
	</item>
	<item>
		<title>جهة الاتصال</title>
		<link>http://princessfahda12.business.blog/contact/</link>
		<pubDate>Fri, 05 Jun 2020 06:22:23 +0000</pubDate>
		<dc:creator>minaaz1hany</dc:creator>
		<guid isPermaLink="false">https://princessfahda12business.wordpress.com/?page_id=4</guid>
		<description></description>
		<content:encoded><![CDATA[<!-- wp:paragraph {"align":"left"} -->
<p class="has-text-align-left">لنتحدث �� لا تتردد في الوصول إلى معلومات جهة الاتصال أدناه، أو أرسل رسالة باستخدام النموذج.</p>
<!-- /wp:paragraph -->

<!-- wp:spacer {"height":32,"className":"desktop-only"} -->
<div style="height:32px;" aria-hidden="true" class="wp-block-spacer desktop-only"></div>
<!-- /wp:spacer -->

<!-- wp:columns {"align":"wide","className":"has-2-columns"} -->
<div class="wp-block-columns alignwide has-2-columns"><!-- wp:column -->
<div class="wp-block-column"><!-- wp:heading {"align":"left"} -->
<h2 class="has-text-align-left">البقاء على اتصال</h2>
<!-- /wp:heading -->

<!-- wp:jetpack/contact-info -->
<div class="wp-block-jetpack-contact-info"><!-- wp:jetpack/address {"address":"\u200e\u0645\u062b\u0627\u0644 \u0644\u0644\u0634\u0627\u0631\u0639 \u0631\u0642\u0645 10","city":"\u0623\u064a \u0628\u0644\u062f\u0629","postal":"10100","country":"\u0627\u0644\u0648\u0644\u0627\u064a\u0627\u062a \u0627\u0644\u0645\u062a\u062d\u062f\u0629 \u0627\u0644\u0623\u0645\u0631\u064a\u0643\u064a\u0629"} -->
<div class="wp-block-jetpack-address"><div class="jetpack-address__address jetpack-address__address1">‎مثال للشارع رقم 10</div><div><span class="jetpack-address__city">أي بلدة</span>, <span class="jetpack-address__region"></span> <span class="jetpack-address__postal">10100</span></div><div class="jetpack-address__country">الولايات المتحدة الأمريكية</div></div>
<!-- /wp:jetpack/address -->

<!-- wp:jetpack/email {"email":"myemail@example.com"} -->
<div class="wp-block-jetpack-email"><a href="mailto:myemail@example.com">myemail@example.com</a></div>
<!-- /wp:jetpack/email -->

<!-- wp:jetpack/phone {"phone":"(123) 456-7890"} -->
<div class="wp-block-jetpack-phone"><a href="tel:1234567890">(123) 456-7890</a></div>
<!-- /wp:jetpack/phone --></div>
<!-- /wp:jetpack/contact-info -->

<!-- wp:social-links -->
<ul class="wp-block-social-links"><!-- wp:social-link-facebook /-->

<!-- wp:social-link-twitter /-->

<!-- wp:social-link-instagram {"url":"instagram.com"} /-->

<!-- wp:social-link-linkedin /-->

<!-- wp:social-link-youtube /-->

<!-- wp:social-link-facebook /-->

<!-- wp:social-link-facebook {"url":"facebook.com"} /-->

<!-- wp:social-link-twitter {"url":"twitter.com"} /-->

<!-- wp:social-link-wordpress {"url":"wordpress.com"} /--></ul>
<!-- /wp:social-links --></div>
<!-- /wp:column -->

<!-- wp:column -->
<div class="wp-block-column"><!-- wp:heading {"align":"left"} -->
<h2 class="has-text-align-left">إرسال رسالة إلينا</h2>
<!-- /wp:heading -->

<!-- wp:jetpack/contact-form -->
<!-- wp:jetpack/field-name {"required":true} /-->

<!-- wp:jetpack/field-email {"label":"Email","required":true} /-->

<!-- wp:jetpack/field-url /-->

<!-- wp:jetpack/field-textarea {"required":true} /-->
<!-- /wp:jetpack/contact-form --></div>
<!-- /wp:column --></div>
<!-- /wp:columns -->]]></content:encoded>
		<excerpt:encoded><![CDATA[]]></excerpt:encoded>
		<wp:post_id>4</wp:post_id>
		<wp:post_date>2020-06-05 09:22:23</wp:post_date>
		<wp:post_date_gmt>2020-06-05 06:22:23</wp:post_date_gmt>
		<wp:comment_status>closed</wp:comment_status>
		<wp:ping_status>closed</wp:ping_status>
		<wp:post_name>contact</wp:post_name>
		<wp:status>publish</wp:status>
		<wp:post_parent>0</wp:post_parent>
		<wp:menu_order>0</wp:menu_order>
		<wp:post_type>page</wp:post_type>
		<wp:post_password></wp:post_password>
		<wp:is_sticky>0</wp:is_sticky>
		<wp:postmeta>
			<wp:meta_key>_headstart_post</wp:meta_key>
			<wp:meta_value><![CDATA[_hs_extra]]></wp:meta_value>
		</wp:postmeta>
		<wp:postmeta>
			<wp:meta_key>sharing_disabled</wp:meta_key>
			<wp:meta_value><![CDATA[a:1:{i:0;N;}]]></wp:meta_value>
		</wp:postmeta>
		<wp:postmeta>
			<wp:meta_key>switch_like_status</wp:meta_key>
			<wp:meta_value><![CDATA[a:1:{i:0;N;}]]></wp:meta_value>
		</wp:postmeta>
		<wp:postmeta>
			<wp:meta_key>_starter_page_template</wp:meta_key>
			<wp:meta_value><![CDATA[contact]]></wp:meta_value>
		</wp:postmeta>
		<wp:postmeta>
			<wp:meta_key>_wpas_skip_all_services</wp:meta_key>
			<wp:meta_value><![CDATA[1]]></wp:meta_value>
		</wp:postmeta>
		<wp:postmeta>
			<wp:meta_key>_publicize_pending</wp:meta_key>
			<wp:meta_value><![CDATA[1]]></wp:meta_value>
		</wp:postmeta>
		<wp:postmeta>
			<wp:meta_key>_checklist_post_type</wp:meta_key>
			<wp:meta_value><![CDATA[_hs_extra]]></wp:meta_value>
		</wp:postmeta>
	</item>
	<item>
		<title>نبذة</title>
		<link>http://princessfahda12.business.blog/about/</link>
		<pubDate>Fri, 05 Jun 2020 06:22:22 +0000</pubDate>
		<dc:creator>minaaz1hany</dc:creator>
		<guid isPermaLink="false">https://princessfahda12business.wordpress.com/?page_id=5</guid>
		<description></description>
		<content:encoded><![CDATA[<!-- wp:spacer {"height":20} -->
<div style="height:20px;" aria-hidden="true" class="wp-block-spacer"></div>
<!-- /wp:spacer -->

<!-- wp:group {"align":"full"} -->
<div class="wp-block-group alignfull"><div class="wp-block-group__inner-container"><!-- wp:jetpack/layout-grid {"column1DesktopSpan":3,"column1DesktopOffset":1,"column1TabletSpan":3,"column1MobileSpan":4,"column2DesktopSpan":6,"column2DesktopOffset":1,"column2TabletSpan":5,"column2MobileSpan":4,"column3DesktopOffset":3,"column3TabletOffset":1,"className":""} -->
<div class="wp-block-jetpack-layout-grid alignfull column1-desktop-grid__span-3 column1-desktop-grid__start-2 column1-desktop-grid__row-1 column2-desktop-grid__span-6 column2-desktop-grid__start-6 column2-desktop-grid__row-1 column1-tablet-grid__span-3 column1-tablet-grid__row-1 column2-tablet-grid__span-5 column2-tablet-grid__start-4 column2-tablet-grid__row-1 column1-mobile-grid__span-4 column1-mobile-grid__row-1 column2-mobile-grid__span-4 column2-mobile-grid__row-2"><!-- wp:jetpack/layout-grid-column -->
<div class="wp-block-jetpack-layout-grid-column wp-block-jetpack-layout-grid__padding-none"><!-- wp:image {"id":698,"sizeSlug":"full","className":"is-style-circle-mask"} -->
<figure class="wp-block-image size-full is-style-circle-mask"><img src="https://princessfahda12business.files.wordpress.com/2020/06/rachel-pfuetzner-0fn7fxv1ewa-unsplash.jpg" alt="" class="wp-image-698" /></figure>
<!-- /wp:image --></div>
<!-- /wp:jetpack/layout-grid-column -->

<!-- wp:jetpack/layout-grid-column -->
<div class="wp-block-jetpack-layout-grid-column wp-block-jetpack-layout-grid__padding-none"><!-- wp:heading -->
<h2>قد يكون هذا مكانًا جيدًا لتقديم نفسك وموقعك أو تضمين بعض الشكر والتقدير.</h2>
<!-- /wp:heading -->

<!-- wp:paragraph -->
<p>هذا مثال لصفحة "نبذة عن". على عكس المقالات، تتناسب الصفحات بشكل أفضل مع المحتوى المستمر لفترة طويلة الذي تريد تسهيل الوصول إليه، مثل "نبذة عنك" أو "معلومات الاتصال الخاصة بك" انقر فوق رابط "تحرير" لإجراء تغييرات على هذه الصفحة <a href="https://wordpress.com/page">أو أضف صفحة أخرى</a>.</p>
<!-- /wp:paragraph --></div>
<!-- /wp:jetpack/layout-grid-column --></div>
<!-- /wp:jetpack/layout-grid --></div></div>
<!-- /wp:group -->]]></content:encoded>
		<excerpt:encoded><![CDATA[]]></excerpt:encoded>
		<wp:post_id>5</wp:post_id>
		<wp:post_date>2020-06-05 09:22:22</wp:post_date>
		<wp:post_date_gmt>2020-06-05 06:22:22</wp:post_date_gmt>
		<wp:comment_status>closed</wp:comment_status>
		<wp:ping_status>closed</wp:ping_status>
		<wp:post_name>about</wp:post_name>
		<wp:status>publish</wp:status>
		<wp:post_parent>0</wp:post_parent>
		<wp:menu_order>0</wp:menu_order>
		<wp:post_type>page</wp:post_type>
		<wp:post_password></wp:post_password>
		<wp:is_sticky>0</wp:is_sticky>
		<wp:postmeta>
			<wp:meta_key>_headstart_post</wp:meta_key>
			<wp:meta_value><![CDATA[_hs_extra]]></wp:meta_value>
		</wp:postmeta>
		<wp:postmeta>
			<wp:meta_key>sharing_disabled</wp:meta_key>
			<wp:meta_value><![CDATA[a:1:{i:0;N;}]]></wp:meta_value>
		</wp:postmeta>
		<wp:postmeta>
			<wp:meta_key>switch_like_status</wp:meta_key>
			<wp:meta_value><![CDATA[a:1:{i:0;N;}]]></wp:meta_value>
		</wp:postmeta>
		<wp:postmeta>
			<wp:meta_key>_starter_page_template</wp:meta_key>
			<wp:meta_value><![CDATA[about-3]]></wp:meta_value>
		</wp:postmeta>
		<wp:postmeta>
			<wp:meta_key>_wpas_skip_all_services</wp:meta_key>
			<wp:meta_value><![CDATA[1]]></wp:meta_value>
		</wp:postmeta>
		<wp:postmeta>
			<wp:meta_key>_publicize_pending</wp:meta_key>
			<wp:meta_value><![CDATA[1]]></wp:meta_value>
		</wp:postmeta>
		<wp:postmeta>
			<wp:meta_key>_checklist_post_type</wp:meta_key>
			<wp:meta_value><![CDATA[_hs_extra]]></wp:meta_value>
		</wp:postmeta>
	</item>
	<item>
		<title>Introduce Yourself (Example Post)</title>
		<link>http://princessfahda12.business.blog/2020/06/05/example-post-3/</link>
		<pubDate>Fri, 05 Jun 2020 06:22:21 +0000</pubDate>
		<dc:creator>minaaz1hany</dc:creator>
		<guid isPermaLink="false">https://princessfahda12business.wordpress.com/?p=6</guid>
		<description></description>
		<content:encoded><![CDATA[<!-- wp:paragraph -->
<p><em>This is an example post, originally published as part of </em><a href="https://dailypost.wordpress.com/blogging-university/"><em>Blogging University</em></a><em>. Enroll in one of our ten programs, and start your blog right.</em></p>
<!-- /wp:paragraph -->

<!-- wp:paragraph -->
<p>You’re going to publish a post today. Don’t worry about how your blog looks. Don’t worry if you haven’t given it a name yet, or you’re feeling overwhelmed. Just click the “New Post” button, and tell us why you’re here.</p>
<!-- /wp:paragraph -->

<!-- wp:paragraph -->
<p>Why do this? </p>
<!-- /wp:paragraph -->

<!-- wp:list -->
<ul><li>Because it gives new readers context. What are you about? Why should they read your blog?</li><li>Because it will help you focus your own ideas about your blog and what you’d like to do with it. </li></ul>
<!-- /wp:list -->

<!-- wp:paragraph -->
<p>The post can be short or long, a personal intro to your life or a bloggy mission statement, a manifesto for the future or a simple outline of your the types of things you hope to publish.</p>
<!-- /wp:paragraph -->

<!-- wp:paragraph -->
<p>To help you get started, here are a few questions: </p>
<!-- /wp:paragraph -->

<!-- wp:list -->
<ul><li>Why are you blogging publicly, rather than keeping a personal journal?</li><li>What topics do you think you’ll write about?</li><li>Who would you love to connect with via your blog?</li><li>If you blog successfully throughout the next year, what would you hope to have accomplished? </li></ul>
<!-- /wp:list -->

<!-- wp:paragraph -->
<p>You’re not locked into any of this; one of the wonderful things about blogs is how they constantly evolve as we learn, grow, and interact with one another — but it’s good to know where and why you started, and articulating your goals may just give you a few other post ideas.</p>
<!-- /wp:paragraph -->

<!-- wp:paragraph -->
<p>Can’t think how to get started? Just write the first thing that pops into your head. Anne Lamott, author of a book on writing we love, says that you need to give yourself permission to write a “crappy first draft”. Anne makes a great point — just start writing, and worry about editing it later.</p>
<!-- /wp:paragraph -->

<!-- wp:paragraph -->
<p>When you’re ready to publish, give your post three to five tags that describe your blog’s focus — writing, photography, fiction, parenting, food, cars, movies, sports, whatever. These tags will help others who care about your topics find you in the Reader. Make sure one of the tags is “zerotohero,” so other new bloggers can find you, too.</p>
<!-- /wp:paragraph -->]]></content:encoded>
		<excerpt:encoded><![CDATA[]]></excerpt:encoded>
		<wp:post_id>6</wp:post_id>
		<wp:post_date>2020-06-05 09:22:21</wp:post_date>
		<wp:post_date_gmt>2020-06-05 06:22:21</wp:post_date_gmt>
		<wp:comment_status>open</wp:comment_status>
		<wp:ping_status>open</wp:ping_status>
		<wp:post_name>example-post-3</wp:post_name>
		<wp:status>publish</wp:status>
		<wp:post_parent>0</wp:post_parent>
		<wp:menu_order>0</wp:menu_order>
		<wp:post_type>post</wp:post_type>
		<wp:post_password></wp:post_password>
		<wp:is_sticky>0</wp:is_sticky>
		<category domain="category" nicename="%d8%ba%d9%8a%d8%b1-%d9%85%d8%b5%d9%86%d9%81"><![CDATA[غير مصنف]]></category>
		<wp:postmeta>
			<wp:meta_key>_headstart_post</wp:meta_key>
			<wp:meta_value><![CDATA[_hs_extra]]></wp:meta_value>
		</wp:postmeta>
		<wp:postmeta>
			<wp:meta_key>sharing_disabled</wp:meta_key>
			<wp:meta_value><![CDATA[a:1:{i:0;N;}]]></wp:meta_value>
		</wp:postmeta>
		<wp:postmeta>
			<wp:meta_key>switch_like_status</wp:meta_key>
			<wp:meta_value><![CDATA[a:1:{i:0;N;}]]></wp:meta_value>
		</wp:postmeta>
		<wp:postmeta>
			<wp:meta_key>_starter_page_template</wp:meta_key>
			<wp:meta_value><![CDATA[]]></wp:meta_value>
		</wp:postmeta>
		<wp:postmeta>
			<wp:meta_key>_wpas_skip_all_services</wp:meta_key>
			<wp:meta_value><![CDATA[1]]></wp:meta_value>
		</wp:postmeta>
		<wp:postmeta>
			<wp:meta_key>_publicize_pending</wp:meta_key>
			<wp:meta_value><![CDATA[1]]></wp:meta_value>
		</wp:postmeta>
	</item>
	<item>
		<title>Introduce Yourself (Example Post)</title>
		<link>http://princessfahda12.business.blog/2020/06/05/example-post-2/</link>
		<pubDate>Fri, 05 Jun 2020 06:22:20 +0000</pubDate>
		<dc:creator>minaaz1hany</dc:creator>
		<guid isPermaLink="false">https://princessfahda12business.wordpress.com/?p=7</guid>
		<description></description>
		<content:encoded><![CDATA[<!-- wp:paragraph -->
<p><em>This is an example post, originally published as part of </em><a href="https://dailypost.wordpress.com/blogging-university/"><em>Blogging University</em></a><em>. Enroll in one of our ten programs, and start your blog right.</em></p>
<!-- /wp:paragraph -->

<!-- wp:paragraph -->
<p>You’re going to publish a post today. Don’t worry about how your blog looks. Don’t worry if you haven’t given it a name yet, or you’re feeling overwhelmed. Just click the “New Post” button, and tell us why you’re here.</p>
<!-- /wp:paragraph -->

<!-- wp:paragraph -->
<p>Why do this? </p>
<!-- /wp:paragraph -->

<!-- wp:list -->
<ul><li>Because it gives new readers context. What are you about? Why should they read your blog?</li><li>Because it will help you focus your own ideas about your blog and what you’d like to do with it. </li></ul>
<!-- /wp:list -->

<!-- wp:paragraph -->
<p>The post can be short or long, a personal intro to your life or a bloggy mission statement, a manifesto for the future or a simple outline of your the types of things you hope to publish.</p>
<!-- /wp:paragraph -->

<!-- wp:paragraph -->
<p>To help you get started, here are a few questions: </p>
<!-- /wp:paragraph -->

<!-- wp:list -->
<ul><li>Why are you blogging publicly, rather than keeping a personal journal?</li><li>What topics do you think you’ll write about?</li><li>Who would you love to connect with via your blog?</li><li>If you blog successfully throughout the next year, what would you hope to have accomplished? </li></ul>
<!-- /wp:list -->

<!-- wp:paragraph -->
<p>You’re not locked into any of this; one of the wonderful things about blogs is how they constantly evolve as we learn, grow, and interact with one another — but it’s good to know where and why you started, and articulating your goals may just give you a few other post ideas.</p>
<!-- /wp:paragraph -->

<!-- wp:paragraph -->
<p>Can’t think how to get started? Just write the first thing that pops into your head. Anne Lamott, author of a book on writing we love, says that you need to give yourself permission to write a “crappy first draft”. Anne makes a great point — just start writing, and worry about editing it later.</p>
<!-- /wp:paragraph -->

<!-- wp:paragraph -->
<p>When you’re ready to publish, give your post three to five tags that describe your blog’s focus — writing, photography, fiction, parenting, food, cars, movies, sports, whatever. These tags will help others who care about your topics find you in the Reader. Make sure one of the tags is “zerotohero,” so other new bloggers can find you, too.</p>
<!-- /wp:paragraph -->]]></content:encoded>
		<excerpt:encoded><![CDATA[]]></excerpt:encoded>
		<wp:post_id>7</wp:post_id>
		<wp:post_date>2020-06-05 09:22:20</wp:post_date>
		<wp:post_date_gmt>2020-06-05 06:22:20</wp:post_date_gmt>
		<wp:comment_status>open</wp:comment_status>
		<wp:ping_status>open</wp:ping_status>
		<wp:post_name>example-post-2</wp:post_name>
		<wp:status>publish</wp:status>
		<wp:post_parent>0</wp:post_parent>
		<wp:menu_order>0</wp:menu_order>
		<wp:post_type>post</wp:post_type>
		<wp:post_password></wp:post_password>
		<wp:is_sticky>0</wp:is_sticky>
		<category domain="category" nicename="%d8%ba%d9%8a%d8%b1-%d9%85%d8%b5%d9%86%d9%81"><![CDATA[غير مصنف]]></category>
		<wp:postmeta>
			<wp:meta_key>_headstart_post</wp:meta_key>
			<wp:meta_value><![CDATA[_hs_extra]]></wp:meta_value>
		</wp:postmeta>
		<wp:postmeta>
			<wp:meta_key>sharing_disabled</wp:meta_key>
			<wp:meta_value><![CDATA[a:1:{i:0;N;}]]></wp:meta_value>
		</wp:postmeta>
		<wp:postmeta>
			<wp:meta_key>switch_like_status</wp:meta_key>
			<wp:meta_value><![CDATA[a:1:{i:0;N;}]]></wp:meta_value>
		</wp:postmeta>
		<wp:postmeta>
			<wp:meta_key>_starter_page_template</wp:meta_key>
			<wp:meta_value><![CDATA[]]></wp:meta_value>
		</wp:postmeta>
		<wp:postmeta>
			<wp:meta_key>_wpas_skip_all_services</wp:meta_key>
			<wp:meta_value><![CDATA[1]]></wp:meta_value>
		</wp:postmeta>
		<wp:postmeta>
			<wp:meta_key>_publicize_pending</wp:meta_key>
			<wp:meta_value><![CDATA[1]]></wp:meta_value>
		</wp:postmeta>
	</item>
	<item>
		<title>Introduce Yourself (Example Post)</title>
		<link>http://princessfahda12.business.blog/2020/06/05/example-post/</link>
		<pubDate>Fri, 05 Jun 2020 06:22:19 +0000</pubDate>
		<dc:creator>minaaz1hany</dc:creator>
		<guid isPermaLink="false">https://princessfahda12business.wordpress.com/?p=8</guid>
		<description></description>
		<content:encoded><![CDATA[<!-- wp:paragraph -->
<p><em>This is an example post, originally published as part of </em><a href="https://dailypost.wordpress.com/blogging-university/"><em>Blogging University</em></a><em>. Enroll in one of our ten programs, and start your blog right.</em></p>
<!-- /wp:paragraph -->

<!-- wp:paragraph -->
<p>You’re going to publish a post today. Don’t worry about how your blog looks. Don’t worry if you haven’t given it a name yet, or you’re feeling overwhelmed. Just click the “New Post” button, and tell us why you’re here.</p>
<!-- /wp:paragraph -->

<!-- wp:paragraph -->
<p>Why do this? </p>
<!-- /wp:paragraph -->

<!-- wp:list -->
<ul><li>Because it gives new readers context. What are you about? Why should they read your blog?</li><li>Because it will help you focus your own ideas about your blog and what you’d like to do with it. </li></ul>
<!-- /wp:list -->

<!-- wp:paragraph -->
<p>The post can be short or long, a personal intro to your life or a bloggy mission statement, a manifesto for the future or a simple outline of your the types of things you hope to publish.</p>
<!-- /wp:paragraph -->

<!-- wp:paragraph -->
<p>To help you get started, here are a few questions: </p>
<!-- /wp:paragraph -->

<!-- wp:list -->
<ul><li>Why are you blogging publicly, rather than keeping a personal journal?</li><li>What topics do you think you’ll write about?</li><li>Who would you love to connect with via your blog?</li><li>If you blog successfully throughout the next year, what would you hope to have accomplished? </li></ul>
<!-- /wp:list -->

<!-- wp:paragraph -->
<p>You’re not locked into any of this; one of the wonderful things about blogs is how they constantly evolve as we learn, grow, and interact with one another — but it’s good to know where and why you started, and articulating your goals may just give you a few other post ideas.</p>
<!-- /wp:paragraph -->

<!-- wp:paragraph -->
<p>Can’t think how to get started? Just write the first thing that pops into your head. Anne Lamott, author of a book on writing we love, says that you need to give yourself permission to write a “crappy first draft”. Anne makes a great point — just start writing, and worry about editing it later.</p>
<!-- /wp:paragraph -->

<!-- wp:paragraph -->
<p>When you’re ready to publish, give your post three to five tags that describe your blog’s focus — writing, photography, fiction, parenting, food, cars, movies, sports, whatever. These tags will help others who care about your topics find you in the Reader. Make sure one of the tags is “zerotohero,” so other new bloggers can find you, too.</p>
<!-- /wp:paragraph -->]]></content:encoded>
		<excerpt:encoded><![CDATA[]]></excerpt:encoded>
		<wp:post_id>8</wp:post_id>
		<wp:post_date>2020-06-05 09:22:19</wp:post_date>
		<wp:post_date_gmt>2020-06-05 06:22:19</wp:post_date_gmt>
		<wp:comment_status>open</wp:comment_status>
		<wp:ping_status>open</wp:ping_status>
		<wp:post_name>example-post</wp:post_name>
		<wp:status>publish</wp:status>
		<wp:post_parent>0</wp:post_parent>
		<wp:menu_order>0</wp:menu_order>
		<wp:post_type>post</wp:post_type>
		<wp:post_password></wp:post_password>
		<wp:is_sticky>0</wp:is_sticky>
		<category domain="category" nicename="%d8%ba%d9%8a%d8%b1-%d9%85%d8%b5%d9%86%d9%81"><![CDATA[غير مصنف]]></category>
		<wp:postmeta>
			<wp:meta_key>_headstart_post</wp:meta_key>
			<wp:meta_value><![CDATA[_hs_extra]]></wp:meta_value>
		</wp:postmeta>
		<wp:postmeta>
			<wp:meta_key>sharing_disabled</wp:meta_key>
			<wp:meta_value><![CDATA[a:1:{i:0;N;}]]></wp:meta_value>
		</wp:postmeta>
		<wp:postmeta>
			<wp:meta_key>switch_like_status</wp:meta_key>
			<wp:meta_value><![CDATA[a:1:{i:0;N;}]]></wp:meta_value>
		</wp:postmeta>
		<wp:postmeta>
			<wp:meta_key>_starter_page_template</wp:meta_key>
			<wp:meta_value><![CDATA[]]></wp:meta_value>
		</wp:postmeta>
		<wp:postmeta>
			<wp:meta_key>_wpas_skip_all_services</wp:meta_key>
			<wp:meta_value><![CDATA[1]]></wp:meta_value>
		</wp:postmeta>
		<wp:postmeta>
			<wp:meta_key>_publicize_pending</wp:meta_key>
			<wp:meta_value><![CDATA[1]]></wp:meta_value>
		</wp:postmeta>
	</item>
	<item>
		<title></title>
		<link>http://princessfahda12.business.blog/2020/06/05/16/</link>
		<pubDate>Fri, 05 Jun 2020 06:27:26 +0000</pubDate>
		<dc:creator>minaaz1hany</dc:creator>
		<guid isPermaLink="false">https://princessfahda12business.wordpress.com/2020/06/05/16/</guid>
		<description></description>
		<content:encoded><![CDATA[ ]]></content:encoded>
		<excerpt:encoded><![CDATA[]]></excerpt:encoded>
		<wp:post_id>16</wp:post_id>
		<wp:post_date>2020-06-05 09:27:26</wp:post_date>
		<wp:post_date_gmt>2020-06-05 06:27:26</wp:post_date_gmt>
		<wp:comment_status>closed</wp:comment_status>
		<wp:ping_status>closed</wp:ping_status>
		<wp:post_name>16</wp:post_name>
		<wp:status>publish</wp:status>
		<wp:post_parent>0</wp:post_parent>
		<wp:menu_order>1</wp:menu_order>
		<wp:post_type>nav_menu_item</wp:post_type>
		<wp:post_password></wp:post_password>
		<wp:is_sticky>0</wp:is_sticky>
		<category domain="nav_menu" nicename="primary"><![CDATA[Primary]]></category>
		<wp:postmeta>
			<wp:meta_key>_publicize_pending</wp:meta_key>
			<wp:meta_value><![CDATA[1]]></wp:meta_value>
		</wp:postmeta>
		<wp:postmeta>
			<wp:meta_key>_menu_item_type</wp:meta_key>
			<wp:meta_value><![CDATA[post_type]]></wp:meta_value>
		</wp:postmeta>
		<wp:postmeta>
			<wp:meta_key>_menu_item_menu_item_parent</wp:meta_key>
			<wp:meta_value><![CDATA[0]]></wp:meta_value>
		</wp:postmeta>
		<wp:postmeta>
			<wp:meta_key>_menu_item_object_id</wp:meta_key>
			<wp:meta_value><![CDATA[2]]></wp:meta_value>
		</wp:postmeta>
		<wp:postmeta>
			<wp:meta_key>_menu_item_object</wp:meta_key>
			<wp:meta_value><![CDATA[page]]></wp:meta_value>
		</wp:postmeta>
		<wp:postmeta>
			<wp:meta_key>_menu_item_target</wp:meta_key>
			<wp:meta_value><![CDATA[]]></wp:meta_value>
		</wp:postmeta>
		<wp:postmeta>
			<wp:meta_key>_menu_item_classes</wp:meta_key>
			<wp:meta_value><![CDATA[a:1:{i:0;s:0:"";}]]></wp:meta_value>
		</wp:postmeta>
		<wp:postmeta>
			<wp:meta_key>_menu_item_xfn</wp:meta_key>
			<wp:meta_value><![CDATA[]]></wp:meta_value>
		</wp:postmeta>
		<wp:postmeta>
			<wp:meta_key>_menu_item_url</wp:meta_key>
			<wp:meta_value><![CDATA[]]></wp:meta_value>
		</wp:postmeta>
	</item>
	<item>
		<title></title>
		<link>http://princessfahda12.business.blog/2020/06/05/17/</link>
		<pubDate>Fri, 05 Jun 2020 06:27:26 +0000</pubDate>
		<dc:creator>minaaz1hany</dc:creator>
		<guid isPermaLink="false">https://princessfahda12business.wordpress.com/2020/06/05/17/</guid>
		<description></description>
		<content:encoded><![CDATA[ ]]></content:encoded>
		<excerpt:encoded><![CDATA[]]></excerpt:encoded>
		<wp:post_id>17</wp:post_id>
		<wp:post_date>2020-06-05 09:27:26</wp:post_date>
		<wp:post_date_gmt>2020-06-05 06:27:26</wp:post_date_gmt>
		<wp:comment_status>closed</wp:comment_status>
		<wp:ping_status>closed</wp:ping_status>
		<wp:post_name>17</wp:post_name>
		<wp:status>publish</wp:status>
		<wp:post_parent>0</wp:post_parent>
		<wp:menu_order>2</wp:menu_order>
		<wp:post_type>nav_menu_item</wp:post_type>
		<wp:post_password></wp:post_password>
		<wp:is_sticky>0</wp:is_sticky>
		<category domain="nav_menu" nicename="primary"><![CDATA[Primary]]></category>
		<wp:postmeta>
			<wp:meta_key>_publicize_pending</wp:meta_key>
			<wp:meta_value><![CDATA[1]]></wp:meta_value>
		</wp:postmeta>
		<wp:postmeta>
			<wp:meta_key>_menu_item_type</wp:meta_key>
			<wp:meta_value><![CDATA[post_type]]></wp:meta_value>
		</wp:postmeta>
		<wp:postmeta>
			<wp:meta_key>_menu_item_menu_item_parent</wp:meta_key>
			<wp:meta_value><![CDATA[0]]></wp:meta_value>
		</wp:postmeta>
		<wp:postmeta>
			<wp:meta_key>_menu_item_object_id</wp:meta_key>
			<wp:meta_value><![CDATA[3]]></wp:meta_value>
		</wp:postmeta>
		<wp:postmeta>
			<wp:meta_key>_menu_item_object</wp:meta_key>
			<wp:meta_value><![CDATA[page]]></wp:meta_value>
		</wp:postmeta>
		<wp:postmeta>
			<wp:meta_key>_menu_item_target</wp:meta_key>
			<wp:meta_value><![CDATA[]]></wp:meta_value>
		</wp:postmeta>
		<wp:postmeta>
			<wp:meta_key>_menu_item_classes</wp:meta_key>
			<wp:meta_value><![CDATA[a:1:{i:0;s:0:"";}]]></wp:meta_value>
		</wp:postmeta>
		<wp:postmeta>
			<wp:meta_key>_menu_item_xfn</wp:meta_key>
			<wp:meta_value><![CDATA[]]></wp:meta_value>
		</wp:postmeta>
		<wp:postmeta>
			<wp:meta_key>_menu_item_url</wp:meta_key>
			<wp:meta_value><![CDATA[]]></wp:meta_value>
		</wp:postmeta>
	</item>
	<item>
		<title></title>
		<link>http://princessfahda12.business.blog/2020/06/05/18/</link>
		<pubDate>Fri, 05 Jun 2020 06:27:26 +0000</pubDate>
		<dc:creator>minaaz1hany</dc:creator>
		<guid isPermaLink="false">https://princessfahda12business.wordpress.com/2020/06/05/18/</guid>
		<description></description>
		<content:encoded><![CDATA[ ]]></content:encoded>
		<excerpt:encoded><![CDATA[]]></excerpt:encoded>
		<wp:post_id>18</wp:post_id>
		<wp:post_date>2020-06-05 09:27:26</wp:post_date>
		<wp:post_date_gmt>2020-06-05 06:27:26</wp:post_date_gmt>
		<wp:comment_status>closed</wp:comment_status>
		<wp:ping_status>closed</wp:ping_status>
		<wp:post_name>18</wp:post_name>
		<wp:status>publish</wp:status>
		<wp:post_parent>0</wp:post_parent>
		<wp:menu_order>3</wp:menu_order>
		<wp:post_type>nav_menu_item</wp:post_type>
		<wp:post_password></wp:post_password>
		<wp:is_sticky>0</wp:is_sticky>
		<category domain="nav_menu" nicename="primary"><![CDATA[Primary]]></category>
		<wp:postmeta>
			<wp:meta_key>_publicize_pending</wp:meta_key>
			<wp:meta_value><![CDATA[1]]></wp:meta_value>
		</wp:postmeta>
		<wp:postmeta>
			<wp:meta_key>_menu_item_type</wp:meta_key>
			<wp:meta_value><![CDATA[post_type]]></wp:meta_value>
		</wp:postmeta>
		<wp:postmeta>
			<wp:meta_key>_menu_item_menu_item_parent</wp:meta_key>
			<wp:meta_value><![CDATA[0]]></wp:meta_value>
		</wp:postmeta>
		<wp:postmeta>
			<wp:meta_key>_menu_item_object_id</wp:meta_key>
			<wp:meta_value><![CDATA[5]]></wp:meta_value>
		</wp:postmeta>
		<wp:postmeta>
			<wp:meta_key>_menu_item_object</wp:meta_key>
			<wp:meta_value><![CDATA[page]]></wp:meta_value>
		</wp:postmeta>
		<wp:postmeta>
			<wp:meta_key>_menu_item_target</wp:meta_key>
			<wp:meta_value><![CDATA[]]></wp:meta_value>
		</wp:postmeta>
		<wp:postmeta>
			<wp:meta_key>_menu_item_classes</wp:meta_key>
			<wp:meta_value><![CDATA[a:1:{i:0;s:0:"";}]]></wp:meta_value>
		</wp:postmeta>
		<wp:postmeta>
			<wp:meta_key>_menu_item_xfn</wp:meta_key>
			<wp:meta_value><![CDATA[]]></wp:meta_value>
		</wp:postmeta>
		<wp:postmeta>
			<wp:meta_key>_menu_item_url</wp:meta_key>
			<wp:meta_value><![CDATA[]]></wp:meta_value>
		</wp:postmeta>
	</item>
	<item>
		<title></title>
		<link>http://princessfahda12.business.blog/2020/06/05/19/</link>
		<pubDate>Fri, 05 Jun 2020 06:27:26 +0000</pubDate>
		<dc:creator>minaaz1hany</dc:creator>
		<guid isPermaLink="false">https://princessfahda12business.wordpress.com/2020/06/05/19/</guid>
		<description></description>
		<content:encoded><![CDATA[ ]]></content:encoded>
		<excerpt:encoded><![CDATA[]]></excerpt:encoded>
		<wp:post_id>19</wp:post_id>
		<wp:post_date>2020-06-05 09:27:26</wp:post_date>
		<wp:post_date_gmt>2020-06-05 06:27:26</wp:post_date_gmt>
		<wp:comment_status>closed</wp:comment_status>
		<wp:ping_status>closed</wp:ping_status>
		<wp:post_name>19</wp:post_name>
		<wp:status>publish</wp:status>
		<wp:post_parent>0</wp:post_parent>
		<wp:menu_order>4</wp:menu_order>
		<wp:post_type>nav_menu_item</wp:post_type>
		<wp:post_password></wp:post_password>
		<wp:is_sticky>0</wp:is_sticky>
		<category domain="nav_menu" nicename="primary"><![CDATA[Primary]]></category>
		<wp:postmeta>
			<wp:meta_key>_publicize_pending</wp:meta_key>
			<wp:meta_value><![CDATA[1]]></wp:meta_value>
		</wp:postmeta>
		<wp:postmeta>
			<wp:meta_key>_menu_item_type</wp:meta_key>
			<wp:meta_value><![CDATA[post_type]]></wp:meta_value>
		</wp:postmeta>
		<wp:postmeta>
			<wp:meta_key>_menu_item_menu_item_parent</wp:meta_key>
			<wp:meta_value><![CDATA[0]]></wp:meta_value>
		</wp:postmeta>
		<wp:postmeta>
			<wp:meta_key>_menu_item_object_id</wp:meta_key>
			<wp:meta_value><![CDATA[4]]></wp:meta_value>
		</wp:postmeta>
		<wp:postmeta>
			<wp:meta_key>_menu_item_object</wp:meta_key>
			<wp:meta_value><![CDATA[page]]></wp:meta_value>
		</wp:postmeta>
		<wp:postmeta>
			<wp:meta_key>_menu_item_target</wp:meta_key>
			<wp:meta_value><![CDATA[]]></wp:meta_value>
		</wp:postmeta>
		<wp:postmeta>
			<wp:meta_key>_menu_item_classes</wp:meta_key>
			<wp:meta_value><![CDATA[a:1:{i:0;s:0:"";}]]></wp:meta_value>
		</wp:postmeta>
		<wp:postmeta>
			<wp:meta_key>_menu_item_xfn</wp:meta_key>
			<wp:meta_value><![CDATA[]]></wp:meta_value>
		</wp:postmeta>
		<wp:postmeta>
			<wp:meta_key>_menu_item_url</wp:meta_key>
			<wp:meta_value><![CDATA[]]></wp:meta_value>
		</wp:postmeta>
	</item>
	<item>
		<title>Facebook</title>
		<link>http://princessfahda12.business.blog/2020/06/05/facebook/</link>
		<pubDate>Fri, 05 Jun 2020 06:27:26 +0000</pubDate>
		<dc:creator>minaaz1hany</dc:creator>
		<guid isPermaLink="false">https://princessfahda12business.wordpress.com/2020/06/05/facebook/</guid>
		<description></description>
		<content:encoded><![CDATA[]]></content:encoded>
		<excerpt:encoded><![CDATA[]]></excerpt:encoded>
		<wp:post_id>20</wp:post_id>
		<wp:post_date>2020-06-05 09:27:26</wp:post_date>
		<wp:post_date_gmt>2020-06-05 06:27:26</wp:post_date_gmt>
		<wp:comment_status>closed</wp:comment_status>
		<wp:ping_status>closed</wp:ping_status>
		<wp:post_name>facebook</wp:post_name>
		<wp:status>publish</wp:status>
		<wp:post_parent>0</wp:post_parent>
		<wp:menu_order>1</wp:menu_order>
		<wp:post_type>nav_menu_item</wp:post_type>
		<wp:post_password></wp:post_password>
		<wp:is_sticky>0</wp:is_sticky>
		<category domain="nav_menu" nicename="social"><![CDATA[Social]]></category>
		<wp:postmeta>
			<wp:meta_key>_publicize_pending</wp:meta_key>
			<wp:meta_value><![CDATA[1]]></wp:meta_value>
		</wp:postmeta>
		<wp:postmeta>
			<wp:meta_key>_menu_item_type</wp:meta_key>
			<wp:meta_value><![CDATA[custom]]></wp:meta_value>
		</wp:postmeta>
		<wp:postmeta>
			<wp:meta_key>_menu_item_menu_item_parent</wp:meta_key>
			<wp:meta_value><![CDATA[0]]></wp:meta_value>
		</wp:postmeta>
		<wp:postmeta>
			<wp:meta_key>_menu_item_object_id</wp:meta_key>
			<wp:meta_value><![CDATA[20]]></wp:meta_value>
		</wp:postmeta>
		<wp:postmeta>
			<wp:meta_key>_menu_item_object</wp:meta_key>
			<wp:meta_value><![CDATA[custom]]></wp:meta_value>
		</wp:postmeta>
		<wp:postmeta>
			<wp:meta_key>_menu_item_target</wp:meta_key>
			<wp:meta_value><![CDATA[]]></wp:meta_value>
		</wp:postmeta>
		<wp:postmeta>
			<wp:meta_key>_menu_item_classes</wp:meta_key>
			<wp:meta_value><![CDATA[a:1:{i:0;s:0:"";}]]></wp:meta_value>
		</wp:postmeta>
		<wp:postmeta>
			<wp:meta_key>_menu_item_xfn</wp:meta_key>
			<wp:meta_value><![CDATA[]]></wp:meta_value>
		</wp:postmeta>
		<wp:postmeta>
			<wp:meta_key>_menu_item_url</wp:meta_key>
			<wp:meta_value><![CDATA[https://facebook.com]]></wp:meta_value>
		</wp:postmeta>
	</item>
	<item>
		<title>Twitter</title>
		<link>http://princessfahda12.business.blog/2020/06/05/twitter/</link>
		<pubDate>Fri, 05 Jun 2020 06:27:26 +0000</pubDate>
		<dc:creator>minaaz1hany</dc:creator>
		<guid isPermaLink="false">https://princessfahda12business.wordpress.com/2020/06/05/twitter/</guid>
		<description></description>
		<content:encoded><![CDATA[]]></content:encoded>
		<excerpt:encoded><![CDATA[]]></excerpt:encoded>
		<wp:post_id>21</wp:post_id>
		<wp:post_date>2020-06-05 09:27:26</wp:post_date>
		<wp:post_date_gmt>2020-06-05 06:27:26</wp:post_date_gmt>
		<wp:comment_status>closed</wp:comment_status>
		<wp:ping_status>closed</wp:ping_status>
		<wp:post_name>twitter</wp:post_name>
		<wp:status>publish</wp:status>
		<wp:post_parent>0</wp:post_parent>
		<wp:menu_order>2</wp:menu_order>
		<wp:post_type>nav_menu_item</wp:post_type>
		<wp:post_password></wp:post_password>
		<wp:is_sticky>0</wp:is_sticky>
		<category domain="nav_menu" nicename="social"><![CDATA[Social]]></category>
		<wp:postmeta>
			<wp:meta_key>_publicize_pending</wp:meta_key>
			<wp:meta_value><![CDATA[1]]></wp:meta_value>
		</wp:postmeta>
		<wp:postmeta>
			<wp:meta_key>_menu_item_type</wp:meta_key>
			<wp:meta_value><![CDATA[custom]]></wp:meta_value>
		</wp:postmeta>
		<wp:postmeta>
			<wp:meta_key>_menu_item_menu_item_parent</wp:meta_key>
			<wp:meta_value><![CDATA[0]]></wp:meta_value>
		</wp:postmeta>
		<wp:postmeta>
			<wp:meta_key>_menu_item_object_id</wp:meta_key>
			<wp:meta_value><![CDATA[21]]></wp:meta_value>
		</wp:postmeta>
		<wp:postmeta>
			<wp:meta_key>_menu_item_object</wp:meta_key>
			<wp:meta_value><![CDATA[custom]]></wp:meta_value>
		</wp:postmeta>
		<wp:postmeta>
			<wp:meta_key>_menu_item_target</wp:meta_key>
			<wp:meta_value><![CDATA[]]></wp:meta_value>
		</wp:postmeta>
		<wp:postmeta>
			<wp:meta_key>_menu_item_classes</wp:meta_key>
			<wp:meta_value><![CDATA[a:1:{i:0;s:0:"";}]]></wp:meta_value>
		</wp:postmeta>
		<wp:postmeta>
			<wp:meta_key>_menu_item_xfn</wp:meta_key>
			<wp:meta_value><![CDATA[]]></wp:meta_value>
		</wp:postmeta>
		<wp:postmeta>
			<wp:meta_key>_menu_item_url</wp:meta_key>
			<wp:meta_value><![CDATA[https://twitter.com]]></wp:meta_value>
		</wp:postmeta>
	</item>
	<item>
		<title>Instagram</title>
		<link>http://princessfahda12.business.blog/2020/06/05/instagram/</link>
		<pubDate>Fri, 05 Jun 2020 06:27:26 +0000</pubDate>
		<dc:creator>minaaz1hany</dc:creator>
		<guid isPermaLink="false">https://princessfahda12business.wordpress.com/2020/06/05/instagram/</guid>
		<description></description>
		<content:encoded><![CDATA[]]></content:encoded>
		<excerpt:encoded><![CDATA[]]></excerpt:encoded>
		<wp:post_id>22</wp:post_id>
		<wp:post_date>2020-06-05 09:27:26</wp:post_date>
		<wp:post_date_gmt>2020-06-05 06:27:26</wp:post_date_gmt>
		<wp:comment_status>closed</wp:comment_status>
		<wp:ping_status>closed</wp:ping_status>
		<wp:post_name>instagram</wp:post_name>
		<wp:status>publish</wp:status>
		<wp:post_parent>0</wp:post_parent>
		<wp:menu_order>3</wp:menu_order>
		<wp:post_type>nav_menu_item</wp:post_type>
		<wp:post_password></wp:post_password>
		<wp:is_sticky>0</wp:is_sticky>
		<category domain="nav_menu" nicename="social"><![CDATA[Social]]></category>
		<wp:postmeta>
			<wp:meta_key>_publicize_pending</wp:meta_key>
			<wp:meta_value><![CDATA[1]]></wp:meta_value>
		</wp:postmeta>
		<wp:postmeta>
			<wp:meta_key>_menu_item_type</wp:meta_key>
			<wp:meta_value><![CDATA[custom]]></wp:meta_value>
		</wp:postmeta>
		<wp:postmeta>
			<wp:meta_key>_menu_item_menu_item_parent</wp:meta_key>
			<wp:meta_value><![CDATA[0]]></wp:meta_value>
		</wp:postmeta>
		<wp:postmeta>
			<wp:meta_key>_menu_item_object_id</wp:meta_key>
			<wp:meta_value><![CDATA[22]]></wp:meta_value>
		</wp:postmeta>
		<wp:postmeta>
			<wp:meta_key>_menu_item_object</wp:meta_key>
			<wp:meta_value><![CDATA[custom]]></wp:meta_value>
		</wp:postmeta>
		<wp:postmeta>
			<wp:meta_key>_menu_item_target</wp:meta_key>
			<wp:meta_value><![CDATA[]]></wp:meta_value>
		</wp:postmeta>
		<wp:postmeta>
			<wp:meta_key>_menu_item_classes</wp:meta_key>
			<wp:meta_value><![CDATA[a:1:{i:0;s:0:"";}]]></wp:meta_value>
		</wp:postmeta>
		<wp:postmeta>
			<wp:meta_key>_menu_item_xfn</wp:meta_key>
			<wp:meta_value><![CDATA[]]></wp:meta_value>
		</wp:postmeta>
		<wp:postmeta>
			<wp:meta_key>_menu_item_url</wp:meta_key>
			<wp:meta_value><![CDATA[https://instagram.com]]></wp:meta_value>
		</wp:postmeta>
	</item>
	<item>
		<title>Pinterest</title>
		<link>http://princessfahda12.business.blog/2020/06/05/pinterest/</link>
		<pubDate>Fri, 05 Jun 2020 06:27:26 +0000</pubDate>
		<dc:creator>minaaz1hany</dc:creator>
		<guid isPermaLink="false">https://princessfahda12business.wordpress.com/2020/06/05/pinterest/</guid>
		<description></description>
		<content:encoded><![CDATA[]]></content:encoded>
		<excerpt:encoded><![CDATA[]]></excerpt:encoded>
		<wp:post_id>23</wp:post_id>
		<wp:post_date>2020-06-05 09:27:26</wp:post_date>
		<wp:post_date_gmt>2020-06-05 06:27:26</wp:post_date_gmt>
		<wp:comment_status>closed</wp:comment_status>
		<wp:ping_status>closed</wp:ping_status>
		<wp:post_name>pinterest</wp:post_name>
		<wp:status>publish</wp:status>
		<wp:post_parent>0</wp:post_parent>
		<wp:menu_order>4</wp:menu_order>
		<wp:post_type>nav_menu_item</wp:post_type>
		<wp:post_password></wp:post_password>
		<wp:is_sticky>0</wp:is_sticky>
		<category domain="nav_menu" nicename="social"><![CDATA[Social]]></category>
		<wp:postmeta>
			<wp:meta_key>_publicize_pending</wp:meta_key>
			<wp:meta_value><![CDATA[1]]></wp:meta_value>
		</wp:postmeta>
		<wp:postmeta>
			<wp:meta_key>_menu_item_type</wp:meta_key>
			<wp:meta_value><![CDATA[custom]]></wp:meta_value>
		</wp:postmeta>
		<wp:postmeta>
			<wp:meta_key>_menu_item_menu_item_parent</wp:meta_key>
			<wp:meta_value><![CDATA[0]]></wp:meta_value>
		</wp:postmeta>
		<wp:postmeta>
			<wp:meta_key>_menu_item_object_id</wp:meta_key>
			<wp:meta_value><![CDATA[23]]></wp:meta_value>
		</wp:postmeta>
		<wp:postmeta>
			<wp:meta_key>_menu_item_object</wp:meta_key>
			<wp:meta_value><![CDATA[custom]]></wp:meta_value>
		</wp:postmeta>
		<wp:postmeta>
			<wp:meta_key>_menu_item_target</wp:meta_key>
			<wp:meta_value><![CDATA[]]></wp:meta_value>
		</wp:postmeta>
		<wp:postmeta>
			<wp:meta_key>_menu_item_classes</wp:meta_key>
			<wp:meta_value><![CDATA[a:1:{i:0;s:0:"";}]]></wp:meta_value>
		</wp:postmeta>
		<wp:postmeta>
			<wp:meta_key>_menu_item_xfn</wp:meta_key>
			<wp:meta_value><![CDATA[]]></wp:meta_value>
		</wp:postmeta>
		<wp:postmeta>
			<wp:meta_key>_menu_item_url</wp:meta_key>
			<wp:meta_value><![CDATA[https://pinterest.com]]></wp:meta_value>
		</wp:postmeta>
	</item>
	<item>
		<title>WordPress</title>
		<link>http://princessfahda12.business.blog/2020/06/05/wordpress/</link>
		<pubDate>Fri, 05 Jun 2020 06:27:27 +0000</pubDate>
		<dc:creator>minaaz1hany</dc:creator>
		<guid isPermaLink="false">https://princessfahda12business.wordpress.com/2020/06/05/wordpress/</guid>
		<description></description>
		<content:encoded><![CDATA[]]></content:encoded>
		<excerpt:encoded><![CDATA[]]></excerpt:encoded>
		<wp:post_id>24</wp:post_id>
		<wp:post_date>2020-06-05 09:27:27</wp:post_date>
		<wp:post_date_gmt>2020-06-05 06:27:27</wp:post_date_gmt>
		<wp:comment_status>closed</wp:comment_status>
		<wp:ping_status>closed</wp:ping_status>
		<wp:post_name>wordpress</wp:post_name>
		<wp:status>publish</wp:status>
		<wp:post_parent>0</wp:post_parent>
		<wp:menu_order>5</wp:menu_order>
		<wp:post_type>nav_menu_item</wp:post_type>
		<wp:post_password></wp:post_password>
		<wp:is_sticky>0</wp:is_sticky>
		<category domain="nav_menu" nicename="social"><![CDATA[Social]]></category>
		<wp:postmeta>
			<wp:meta_key>_publicize_pending</wp:meta_key>
			<wp:meta_value><![CDATA[1]]></wp:meta_value>
		</wp:postmeta>
		<wp:postmeta>
			<wp:meta_key>_menu_item_type</wp:meta_key>
			<wp:meta_value><![CDATA[custom]]></wp:meta_value>
		</wp:postmeta>
		<wp:postmeta>
			<wp:meta_key>_menu_item_menu_item_parent</wp:meta_key>
			<wp:meta_value><![CDATA[0]]></wp:meta_value>
		</wp:postmeta>
		<wp:postmeta>
			<wp:meta_key>_menu_item_object_id</wp:meta_key>
			<wp:meta_value><![CDATA[24]]></wp:meta_value>
		</wp:postmeta>
		<wp:postmeta>
			<wp:meta_key>_menu_item_object</wp:meta_key>
			<wp:meta_value><![CDATA[custom]]></wp:meta_value>
		</wp:postmeta>
		<wp:postmeta>
			<wp:meta_key>_menu_item_target</wp:meta_key>
			<wp:meta_value><![CDATA[]]></wp:meta_value>
		</wp:postmeta>
		<wp:postmeta>
			<wp:meta_key>_menu_item_classes</wp:meta_key>
			<wp:meta_value><![CDATA[a:1:{i:0;s:0:"";}]]></wp:meta_value>
		</wp:postmeta>
		<wp:postmeta>
			<wp:meta_key>_menu_item_xfn</wp:meta_key>
			<wp:meta_value><![CDATA[]]></wp:meta_value>
		</wp:postmeta>
		<wp:postmeta>
			<wp:meta_key>_menu_item_url</wp:meta_key>
			<wp:meta_value><![CDATA[https://wordpress.com]]></wp:meta_value>
		</wp:postmeta>
	</item>
	<item>
		<title>Placeholder Image</title>
		<link>http://princessfahda12.business.blog/placeholder-image/</link>
		<pubDate>Fri, 05 Jun 2020 06:27:27 +0000</pubDate>
		<dc:creator>minaaz1hany</dc:creator>
		<guid isPermaLink="false">http://princessfahda12business.files.wordpress.com/2020/06/calm.jpg</guid>
		<description></description>
		<content:encoded><![CDATA[]]></content:encoded>
		<excerpt:encoded><![CDATA[]]></excerpt:encoded>
		<wp:post_id>25</wp:post_id>
		<wp:post_date>2020-06-05 09:27:27</wp:post_date>
		<wp:post_date_gmt>2020-06-05 06:27:27</wp:post_date_gmt>
		<wp:comment_status>open</wp:comment_status>
		<wp:ping_status>closed</wp:ping_status>
		<wp:post_name>placeholder-image</wp:post_name>
		<wp:status>inherit</wp:status>
		<wp:post_parent>0</wp:post_parent>
		<wp:menu_order>0</wp:menu_order>
		<wp:post_type>attachment</wp:post_type>
		<wp:post_password></wp:post_password>
		<wp:is_sticky>0</wp:is_sticky>
		<wp:attachment_url>https://princessfahda12business.files.wordpress.com/2020/06/calm.jpg</wp:attachment_url>
		<wp:postmeta>
			<wp:meta_key>_wp_attached_file</wp:meta_key>
			<wp:meta_value><![CDATA[/home/wpcom/public_html/wp-content/blogs.dir/220/178439040/files/2020/06/calm.jpg]]></wp:meta_value>
		</wp:postmeta>
		<wp:postmeta>
			<wp:meta_key>_wp_attachment_metadata</wp:meta_key>
			<wp:meta_value><![CDATA[a:6:{s:5:"width";i:1600;s:6:"height";i:819;s:4:"file";s:81:"/home/wpcom/public_html/wp-content/blogs.dir/220/178439040/files/2020/06/calm.jpg";s:5:"sizes";a:0:{}s:10:"image_meta";a:12:{s:8:"aperture";s:1:"0";s:6:"credit";s:0:"";s:6:"camera";s:0:"";s:7:"caption";s:0:"";s:17:"created_timestamp";s:1:"0";s:9:"copyright";s:0:"";s:12:"focal_length";s:1:"0";s:3:"iso";s:1:"0";s:13:"shutter_speed";s:1:"0";s:5:"title";s:0:"";s:11:"orientation";s:1:"0";s:8:"keywords";a:0:{}}s:8:"filesize";i:97705;}]]></wp:meta_value>
		</wp:postmeta>
	</item>
	<item>
		<title>Placeholder Image</title>
		<link>http://princessfahda12.business.blog/placeholder-image-2/</link>
		<pubDate>Fri, 05 Jun 2020 06:27:27 +0000</pubDate>
		<dc:creator>minaaz1hany</dc:creator>
		<guid isPermaLink="false">http://princessfahda12business.files.wordpress.com/2020/06/mountaindawn.jpg</guid>
		<description></description>
		<content:encoded><![CDATA[]]></content:encoded>
		<excerpt:encoded><![CDATA[]]></excerpt:encoded>
		<wp:post_id>26</wp:post_id>
		<wp:post_date>2020-06-05 09:27:27</wp:post_date>
		<wp:post_date_gmt>2020-06-05 06:27:27</wp:post_date_gmt>
		<wp:comment_status>open</wp:comment_status>
		<wp:ping_status>closed</wp:ping_status>
		<wp:post_name>placeholder-image-2</wp:post_name>
		<wp:status>inherit</wp:status>
		<wp:post_parent>0</wp:post_parent>
		<wp:menu_order>0</wp:menu_order>
		<wp:post_type>attachment</wp:post_type>
		<wp:post_password></wp:post_password>
		<wp:is_sticky>0</wp:is_sticky>
		<wp:attachment_url>https://princessfahda12business.files.wordpress.com/2020/06/mountaindawn.jpg</wp:attachment_url>
		<wp:postmeta>
			<wp:meta_key>_wp_attached_file</wp:meta_key>
			<wp:meta_value><![CDATA[/home/wpcom/public_html/wp-content/blogs.dir/220/178439040/files/2020/06/mountaindawn.jpg]]></wp:meta_value>
		</wp:postmeta>
		<wp:postmeta>
			<wp:meta_key>_wp_attachment_metadata</wp:meta_key>
			<wp:meta_value><![CDATA[a:6:{s:5:"width";i:1600;s:6:"height";i:1067;s:4:"file";s:89:"/home/wpcom/public_html/wp-content/blogs.dir/220/178439040/files/2020/06/mountaindawn.jpg";s:5:"sizes";a:0:{}s:10:"image_meta";a:12:{s:8:"aperture";s:1:"0";s:6:"credit";s:0:"";s:6:"camera";s:0:"";s:7:"caption";s:0:"";s:17:"created_timestamp";s:1:"0";s:9:"copyright";s:0:"";s:12:"focal_length";s:1:"0";s:3:"iso";s:1:"0";s:13:"shutter_speed";s:1:"0";s:5:"title";s:0:"";s:11:"orientation";s:1:"0";s:8:"keywords";a:0:{}}s:8:"filesize";i:19506;}]]></wp:meta_value>
		</wp:postmeta>
	</item>
	<item>
		<title>Placeholder Image</title>
		<link>http://princessfahda12.business.blog/placeholder-image-3/</link>
		<pubDate>Fri, 05 Jun 2020 06:27:27 +0000</pubDate>
		<dc:creator>minaaz1hany</dc:creator>
		<guid isPermaLink="false">http://princessfahda12business.files.wordpress.com/2020/06/qi-bin-w4hbafegiac-unsplash.jpg</guid>
		<description></description>
		<content:encoded><![CDATA[]]></content:encoded>
		<excerpt:encoded><![CDATA[]]></excerpt:encoded>
		<wp:post_id>27</wp:post_id>
		<wp:post_date>2020-06-05 09:27:27</wp:post_date>
		<wp:post_date_gmt>2020-06-05 06:27:27</wp:post_date_gmt>
		<wp:comment_status>open</wp:comment_status>
		<wp:ping_status>closed</wp:ping_status>
		<wp:post_name>placeholder-image-3</wp:post_name>
		<wp:status>inherit</wp:status>
		<wp:post_parent>0</wp:post_parent>
		<wp:menu_order>0</wp:menu_order>
		<wp:post_type>attachment</wp:post_type>
		<wp:post_password></wp:post_password>
		<wp:is_sticky>0</wp:is_sticky>
		<wp:attachment_url>https://princessfahda12business.files.wordpress.com/2020/06/qi-bin-w4hbafegiac-unsplash.jpg</wp:attachment_url>
		<wp:postmeta>
			<wp:meta_key>_wp_attached_file</wp:meta_key>
			<wp:meta_value><![CDATA[/home/wpcom/public_html/wp-content/blogs.dir/220/178439040/files/2020/06/qi-bin-w4hbafegiac-unsplash.jpg]]></wp:meta_value>
		</wp:postmeta>
		<wp:postmeta>
			<wp:meta_key>_wp_attachment_metadata</wp:meta_key>
			<wp:meta_value><![CDATA[a:6:{s:5:"width";i:1600;s:6:"height";i:1066;s:4:"file";s:104:"/home/wpcom/public_html/wp-content/blogs.dir/220/178439040/files/2020/06/qi-bin-w4hbafegiac-unsplash.jpg";s:5:"sizes";a:0:{}s:10:"image_meta";a:12:{s:8:"aperture";s:1:"0";s:6:"credit";s:0:"";s:6:"camera";s:0:"";s:7:"caption";s:0:"";s:17:"created_timestamp";s:1:"0";s:9:"copyright";s:0:"";s:12:"focal_length";s:1:"0";s:3:"iso";s:1:"0";s:13:"shutter_speed";s:1:"0";s:5:"title";s:0:"";s:11:"orientation";s:1:"0";s:8:"keywords";a:0:{}}s:8:"filesize";i:50995;}]]></wp:meta_value>
		</wp:postmeta>
	</item>
	<item>
		<title>Placeholder Image</title>
		<link>http://princessfahda12.business.blog/placeholder-image-4/</link>
		<pubDate>Fri, 05 Jun 2020 06:27:28 +0000</pubDate>
		<dc:creator>minaaz1hany</dc:creator>
		<guid isPermaLink="false">http://princessfahda12business.files.wordpress.com/2020/06/rachel-pfuetzner-0fn7fxv1ewa-unsplash.jpg</guid>
		<description></description>
		<content:encoded><![CDATA[]]></content:encoded>
		<excerpt:encoded><![CDATA[]]></excerpt:encoded>
		<wp:post_id>30</wp:post_id>
		<wp:post_date>2020-06-05 09:27:28</wp:post_date>
		<wp:post_date_gmt>2020-06-05 06:27:28</wp:post_date_gmt>
		<wp:comment_status>open</wp:comment_status>
		<wp:ping_status>closed</wp:ping_status>
		<wp:post_name>placeholder-image-4</wp:post_name>
		<wp:status>inherit</wp:status>
		<wp:post_parent>0</wp:post_parent>
		<wp:menu_order>0</wp:menu_order>
		<wp:post_type>attachment</wp:post_type>
		<wp:post_password></wp:post_password>
		<wp:is_sticky>0</wp:is_sticky>
		<wp:attachment_url>https://princessfahda12business.files.wordpress.com/2020/06/rachel-pfuetzner-0fn7fxv1ewa-unsplash.jpg</wp:attachment_url>
		<wp:postmeta>
			<wp:meta_key>_wp_attached_file</wp:meta_key>
			<wp:meta_value><![CDATA[/home/wpcom/public_html/wp-content/blogs.dir/220/178439040/files/2020/06/rachel-pfuetzner-0fn7fxv1ewa-unsplash.jpg]]></wp:meta_value>
		</wp:postmeta>
		<wp:postmeta>
			<wp:meta_key>_wp_attachment_metadata</wp:meta_key>
			<wp:meta_value><![CDATA[a:6:{s:5:"width";i:1560;s:6:"height";i:1560;s:4:"file";s:114:"/home/wpcom/public_html/wp-content/blogs.dir/220/178439040/files/2020/06/rachel-pfuetzner-0fn7fxv1ewa-unsplash.jpg";s:5:"sizes";a:0:{}s:10:"image_meta";a:12:{s:8:"aperture";s:1:"0";s:6:"credit";s:0:"";s:6:"camera";s:0:"";s:7:"caption";s:0:"";s:17:"created_timestamp";s:1:"0";s:9:"copyright";s:0:"";s:12:"focal_length";s:1:"0";s:3:"iso";s:1:"0";s:13:"shutter_speed";s:1:"0";s:5:"title";s:0:"";s:11:"orientation";s:1:"1";s:8:"keywords";a:0:{}}s:8:"filesize";i:56258;}]]></wp:meta_value>
		</wp:postmeta>
	</item>
</channel>
</rss>
